Workbook

Sheet Вывод
A1: Суть проблемы: | C1: Рекомендуемое решение: | E1: Обоснование:
A2: Факт: | B2: Заказы упали на 10% (с 1000 до 900) на платформе Android. | C2: Действие: | D2: Откатить версию 5.2 на Android до стабильной 5.1. | E2: Изоляция: | F2: Проблема локализована в Android 5.2: на iOS и на версии 5.1 конверсия стабильна.
A3: Причина: | B3: Падение конверсии шага «Открыли → Корзина» с 30% до 18% (-12 п.п.) на версии 5.2. | C3: Цель: | D3: Восстановить конверсию до 30% и вернуть потерянные заказы. | E3: Гипотеза: | F3: Вероятный баг в функционале кнопки «Добавить в корзину».
A4: Последствия: | B4: ~300 пользователей не добавили товар, что привело к потере ~100 заказов. | C4: Контроль: | D4: Замер конверсии в течение недели после отката. | E4: Действие после отката: | F4: Параллельно провести технический аудит 5.2 для поиска бага перед повторным релизом.
A5: Статус iOS: | B5: Без изменений (проблема локализована в Android).

Sheet Данные
A1: Шаг | B1: Неделя 1 | C1: Неделя 2
A2: Открыли приложение | B2: 10000 | C2: 10000
A3: Добавили в корзину | B3: 3000 | C3: 2700
A4: Оформили заказ | B4: 1000 | C4: 900
A5: Потеряно заказов по расчёту | C5: =B4-C4 -> 100
A6: Падение заказов по факту | C6: =IF(ROUND(C5,0)=Воронка!B6,"Сходится","Не сходится") -> Сходится

Sheet Воронка
A1: Конверсия | B1: Неделя 1 | C1: Неделя 2 | D1: Δ, п.п | E1: Δ, %
A2: Открыли → Корзина | B2: =Данные!B3/Данные!B2 -> 0.3 | C2: =Данные!C3/Данные!C2 -> 0.27 | D2: =(C2-B2)*100 -> -3 | E2: =(C2-B2)/B2 -> -0.1
A3: Корзина → Заказ | B3: =Данные!B4/Данные!B3 -> 0.33333333 | C3: =Данные!C4/Данные!C3 -> 0.33333333 | D3: =(C3-B3)*100 -> 0 | E3: =(C3-B3)/B3 -> 0
A4: Общая | B4: =Данные!B4/Данные!B2 -> 0.1 | C4: =Данные!C4/Данные!C2 -> 0.09 | D4: =(C4-B4)*100 -> -1 | E4: =(C4-B4)/B4 -> -0.1
A6: Проверка | B6: ='Android по версиям'!H3*B3 -> 100

Sheet Платформы и версии
A1: Платформа | B1: Открыли (нед. 1) | C1: В корзину (нед. 1) | D1: Открыли (нед. 2) | E1: В корзину (нед. 2) | F1: Открыли → Корзина (нед. 1) | G1: Открыли → Корзина (нед. 2) | H1: Δ в п.п. | I1: Δ в % | J1: Потеряно в корзине, чел
A2: iOS | B2: 4000 | C2: 1200 | D2: 4000 | E2: 1200 | F2: =C2/B2 -> 0.3 | G2: =E2/D2 -> 0.3 | H2: =(G2-F2)*100 -> 0 | I2: =(G2-F2)/F2 -> 0 | J2: =C2-E2 -> 0
A3: Android | B3: 6000 | C3: 1800 | D3: 6000 | E3: 1500 | F3: =C3/B3 -> 0.3 | G3: =E3/D3 -> 0.25 | H3: =(G3-F3)*100 -> -5 | I3: =(G3-F3)/F3 -> -0.16666667 | J3: =C3-E3 -> 300
A4: Всего | B4: =SUM(B2,B3) -> 10000 | C4: =SUM(C2,C3) -> 3000 | D4: =SUM(D2,D3) -> 10000 | E4: =SUM(E2,E3) -> 2700

Sheet Android по версиям
A1: Версия | B1: Открыли (нед. 2) | C1: В корзину (нед. 2) | D1: Конверсия | E1: Δ в п.п. | F1: Δ, % | G1: В корзину при Конверсии версии 5.1 | H1: потерянно
A2: 5.1 | B2: 3500 | C2: 1050 | D2: =C2/B2 -> 0.3
A3: 5.2 | B3: 2500 | C3: 450 | D3: =C3/B3 -> 0.18 | E3: =(D3-D2)*100 -> -12 | F3: =(D3-D2)/D2 -> -0.4 | G3: =B3*D2 -> 750 | H3: =G3-C3 -> 300
A4: Всего | B4: =SUM(B2,B3) -> 6000 | C4: =SUM(C2,C3) -> 1500

Sheet Диаграммы
A1: Группа | B1: Конверсия: открыли → корзина (нед. 2)
A2: iOS | B2: =Версии[[#This Row],[Открыли → Корзина (нед. 2)]] -> 0.3
A3: Android 5.1 | B3: ='Android по версиям'!D2 -> 0.3
A4: Android 5.2 | B4: ='Android по версиям'!D3 -> 0.18
