Workbook

Sheet Вывод
A1: Суть теста: | B1: Новая форма оплаты с автозаполнением (Группа B) против старой (Группа A)
A2: Результат: | B2: Группа A (старая): 65,5% (491 из 750)
B3: Группа B (новая): 80,4% (603 из 750)
A4: Рост: | B4: ~22,8% ,+14,9 п.п.
A5: Обоснование: | B5: Z-тест =6,51 , p-value=<0,0000000001 .p=<0,05 Разница статистически значима
A6: A/B тест: | B6: Парадокс Симпсона нет.Группа B выигрывает и на Android (79,9% против 64,3%), и на iOS (80,8% против 66,9%)
A7: Рекомендация: | B7: Рекомендую раскатывать на 100% и отслеживать показатели ,новая форма работает лучше везде.

Sheet Расчеты
A1: step4_success | B1: (несколько элементов) | F1: Воронка | G1: android | H1: ios
F2: Группа ''A'' | G2: =B23/B20 -> 0.64285714 | H2: =C23/C20 -> 0.66860465
A3: Число разных элементов в столбце user_id | B3: Названия столбцов | F3: Группа ''B'' | G3: =B24/B21 -> 0.79945799 | H3: =C24/C21 -> 0.80839895
A4: Названия строк | B4: android | C4: ios | D4: Общий итог
A5: A | B5: 261 | C5: 230 | D5: 491 | F5: Воронка | G5: шаг 1 | H5: шаг 4
A6: B | B6: 295 | C6: 308 | D6: 603 | F6: Группа ''A'' | G6: 750 | H6: 491
A7: Общий итог | B7: 556 | C7: 538 | D7: 1094 | F7: Группа ''B'' | G7: 750 | H7: 603
D8: Проверка: конверсия как сумма по устройствам
A9: Названия строк | B9: Число разных элементов в столбце user_id | D9: Воронка (android+iOS)проверка
A10: Москва | B10: 594 | D10: Группа ''A'' (старая форма) | E10: =(B23+C23)/(B20+C20) -> 0.65466667
A11: Регион | B11: 513 | D11: Группа ''B'' (новая форма) | E11: =(B24+C24)/(B21+C21) -> 0.804
A12: СПб | B12: 393
A13: Общий итог | B13: 1500 | D13: Δ, п.п | E13: =(E11-E10)*100 -> 14.933333
A14: Воронка | D14: Рост на | E14: =(E17-E16)/E16 -> 0.22810591
A15: Группа | B15: 1. Открыл форму | C15: 2. Ввёл реквизиты | D15: 3. Подтвердил платёж | E15: 4. Успешная оплата
A16: Группа ''A'' (старая форма) | B16: 750 | C16: 670 | D16: 546 | E16: 491
A17: Группа ''B'' (новая форма) | B17: 750 | C17: 707 | D17: 644 | E17: 603
A18: Конверсия по устройствам: исходные числа, людей | E18: Общая конверсия: шаг 1 → шаг 4 (успешная оплата), % (по людям)
A19: Открыли форму (шаг 1) по устройствам, людей | B19: android | C19: ios | E19: Группа | F19: Открыли форму | G19: Успешная оплата | H19: Конверсия
A20: Группа ''A'' (старая форма) | B20: 406 | C20: 344 | E20: A (старая форма) | F20: 750 | G20: 491 | H20: 0.655
A21: Группа ''B'' (новая форма) | B21: 369 | C21: 381 | E21: B (новая форма) | F21: 750 | G21: 603 | H21: 0.804
A22: Успешная оплата (шаг 4) по устройствам, людей | B22: android | C22: ios
A23: Группа ''A'' (старая форма) | B23: 261 | C23: 230
A24: Группа ''B'' (новая форма) | B24: 295 | C24: 308
A25: Конверсия по шагам воронки, %
A26: Переход | B26: Группа "A" | C26: Группа "B" | D26: Разница
A27: Открыл форму → ввёл реквизиты | B27: 0.893 | C27: 0.943 | D27: +4,9 п.п.
A28: Ввёл реквизиты → подтвердил платёж | B28: 0.815 | C28: 0.911 | D28: +9,6 п.п.
A29: Подтвердил платёж → успешная оплата | B29: 0.899 | C29: 0.936 | D29: +3,7 п.п.

Sheet Пользователи чистые
A1: user_id | B1: group | C1: age | D1: city | E1: device_type | F1: Ошибки
A2: 1001 | B2: A | C2: 31 | D2: Москва | E2: ios | F2: =IF(OR(C2<18,C2>80),"выброс","ок") -> ок
A3: 1002 | B3: A | C3: 31 | D3: Москва | E3: ios | F3: =IF(OR(C3<18,C3>80),"выброс","ок") -> ок
A4: 1003 | B4: A | C4: 25 | D4: Москва | E4: android | F4: =IF(OR(C4<18,C4>80),"выброс","ок") -> ок
A5: 1004 | B5: A | C5: 20 | D5: Москва | E5: ios | F5: =IF(OR(C5<18,C5>80),"выброс","ок") -> ок
A6: 1005 | B6: A | C6: 34 | D6: Москва | E6: ios | F6: =IF(OR(C6<18,C6>80),"выброс","ок") -> ок
A7: 1006 | B7: A | C7: 42 | D7: Регион | E7: android | F7: =IF(OR(C7<18,C7>80),"выброс","ок") -> ок
A8: 1007 | B8: A | C8: 34 | D8: Регион | E8: ios | F8: =IF(OR(C8<18,C8>80),"выброс","ок") -> ок
A9: 1008 | B9: A | C9: 43 | D9: Регион | E9: ios | F9: =IF(OR(C9<18,C9>80),"выброс","ок") -> ок
A10: 1009 | B10: A | C10: 30 | D10: Москва | E10: android | F10: =IF(OR(C10<18,C10>80),"выброс","ок") -> ок
A11: 1010 | B11: A | C11: 26 | D11: Москва | E11: android | F11: =IF(OR(C11<18,C11>80),"выброс","ок") -> ок
A12: 1011 | B12: A | C12: 45 | D12: СПб | E12: ios | F12: =IF(OR(C12<18,C12>80),"выброс","ок") -> ок
A13: 1012 | B13: A | C13: 41 | D13: Регион | E13: ios | F13: =IF(OR(C13<18,C13>80),"выброс","ок") -> ок
... A1501: 2500 | B1501: B | C1501: 39 | D1501: Москва | E1501: ios | F1501: =IF(OR(C1501<18,C1501>80),"выброс","ок") -> ок

Sheet Платежи чистые
A1: payment_id | B1: user_id | C1: group | D1: step1_opened | E1: step2_entered | F1: step3_confirmed | G1: step4_success | H1: Группа (проверка) | I1: Ошибки
A2: 5001 | B2: 1001 | C2: A | D2: 45398.254 | E2: 45398.257 | H2: =IFERROR(VLOOKUP(B2,Пользователи!$A:$B,2,0),"нет в списке") -> A | I2: =IF(H2="нет в списке","нет пользователя",IF(H2<>C2,"группа не совпала","ок")) -> ок
A3: 5002 | B3: 1002 | C3: A | D3: 45394.318 | E3: 45394.32 | H3: =IFERROR(VLOOKUP(B3,Пользователи!$A:$B,2,0),"нет в списке") -> A | I3: =IF(H3="нет в списке","нет пользователя",IF(H3<>C3,"группа не совпала","ок")) -> ок
A4: 5003 | B4: 1003 | C4: A | D4: 45408.835 | E4: 45408.838 | H4: =IFERROR(VLOOKUP(B4,Пользователи!$A:$B,2,0),"нет в списке") -> A | I4: =IF(H4="нет в списке","нет пользователя",IF(H4<>C4,"группа не совпала","ок")) -> ок
A5: 5004 | B5: 1004 | C5: A | D5: 45391.668 | H5: =IFERROR(VLOOKUP(B5,Пользователи!$A:$B,2,0),"нет в списке") -> A | I5: =IF(H5="нет в списке","нет пользователя",IF(H5<>C5,"группа не совпала","ок")) -> ок
A6: 5005 | B6: 1004 | C6: A | D6: 45386.157 | E6: 45386.162 | F6: 45386.165 | G6: 45386.168 | H6: =IFERROR(VLOOKUP(B6,Пользователи!$A:$B,2,0),"нет в списке") -> A | I6: =IF(H6="нет в списке","нет пользователя",IF(H6<>C6,"группа не совпала","ок")) -> ок
A7: 5006 | B7: 1004 | C7: A | D7: 45406.726 | E7: 45406.727 | F7: 45406.729 | G7: 45406.733 | H7: =IFERROR(VLOOKUP(B7,Пользователи!$A:$B,2,0),"нет в списке") -> A | I7: =IF(H7="нет в списке","нет пользователя",IF(H7<>C7,"группа не совпала","ок")) -> ок
A8: 5007 | B8: 1005 | C8: A | D8: 45393.882 | E8: 45393.883 | H8: =IFERROR(VLOOKUP(B8,Пользователи!$A:$B,2,0),"нет в списке") -> A | I8: =IF(H8="нет в списке","нет пользователя",IF(H8<>C8,"группа не совпала","ок")) -> ок
A9: 5008 | B9: 1006 | C9: A | D9: 45394.575 | E9: 45394.578 | F9: 45394.58 | G9: 45394.583 | H9: =IFERROR(VLOOKUP(B9,Пользователи!$A:$B,2,0),"нет в списке") -> A | I9: =IF(H9="нет в списке","нет пользователя",IF(H9<>C9,"группа не совпала","ок")) -> ок
A10: 5009 | B10: 1007 | C10: A | D10: 45391.478 | E10: 45391.479 | F10: 45391.483 | G10: 45391.488 | H10: =IFERROR(VLOOKUP(B10,Пользователи!$A:$B,2,0),"нет в списке") -> A | I10: =IF(H10="нет в списке","нет пользователя",IF(H10<>C10,"группа не совпала","ок")) -> ок
A11: 5010 | B11: 1007 | C11: A | D11: 45390.287 | H11: =IFERROR(VLOOKUP(B11,Пользователи!$A:$B,2,0),"нет в списке") -> A | I11: =IF(H11="нет в списке","нет пользователя",IF(H11<>C11,"группа не совпала","ок")) -> ок
A12: 5011 | B12: 1007 | C12: A | D12: 45405.374 | E12: 45405.374 | F12: 45405.376 | H12: =IFERROR(VLOOKUP(B12,Пользователи!$A:$B,2,0),"нет в списке") -> A | I12: =IF(H12="нет в списке","нет пользователя",IF(H12<>C12,"группа не совпала","ок")) -> ок
A13: 5012 | B13: 1008 | C13: A | D13: 45391.378 | H13: =IFERROR(VLOOKUP(B13,Пользователи!$A:$B,2,0),"нет в списке") -> A | I13: =IF(H13="нет в списке","нет пользователя",IF(H13<>C13,"группа не совпала","ок")) -> ок
A14: 5013 | B14: 1009 | C14: A | D14: 45406.451 | E14: 45406.454 | H14: =IFERROR(VLOOKUP(B14,Пользователи!$A:$B,2,0),"нет в списке") -> A | I14: =IF(H14="нет в списке","нет пользователя",IF(H14<>C14,"группа не совпала","ок")) -> ок
A15: 5014 | B15: 1009 | C15: A | D15: 45402.847 | E15: 45402.847 | H15: =IFERROR(VLOOKUP(B15,Пользователи!$A:$B,2,0),"нет в списке") -> A | I15: =IF(H15="нет в списке","нет пользователя",IF(H15<>C15,"группа не совпала","ок")) -> ок
A16: 5015 | B16: 1010 | C16: A | D16: 45409.56 | H16: =IFERROR(VLOOKUP(B16,Пользователи!$A:$B,2,0),"нет в списке") -> A | I16: =IF(H16="нет в списке","нет пользователя",IF(H16<>C16,"группа не совпала","ок")) -> ок
A17: 5016 | B17: 1011 | C17: A | D17: 45403.85 | E17: 45403.851 | F17: 45403.853 | G17: 45403.856 | H17: =IFERROR(VLOOKUP(B17,Пользователи!$A:$B,2,0),"нет в списке") -> A | I17: =IF(H17="нет в списке","нет пользователя",IF(H17<>C17,"группа не совпала","ок")) -> ок
A18: 5017 | B18: 1011 | C18: A | D18: 45384.907 | E18: 45384.908 | F18: 45384.91 | G18: 45384.914 | H18: =IFERROR(VLOOKUP(B18,Пользователи!$A:$B,2,0),"нет в списке") -> A | I18: =IF(H18="нет в списке","нет пользователя",IF(H18<>C18,"группа не совпала","ок")) -> ок
A19: 5018 | B19: 1011 | C19: A | D19: 45398.783 | E19: 45398.783 | F19: 45398.785 | G19: 45398.79 | H19: =IFERROR(VLOOKUP(B19,Пользователи!$A:$B,2,0),"нет в списке") -> A | I19: =IF(H19="нет в списке","нет пользователя",IF(H19<>C19,"группа не совпала","ок")) -> ок
A20: 5019 | B20: 1012 | C20: A | D20: 45389.642 | E20: 45389.643 | F20: 45389.644 | G20: 45389.648 | H20: =IFERROR(VLOOKUP(B20,Пользователи!$A:$B,2,0),"нет в списке") -> A | I20: =IF(H20="нет в списке","нет пользователя",IF(H20<>C20,"группа не совпала","ок")) -> ок
A21: 5020 | B21: 1013 | C21: A | D21: 45386.893 | E21: 45386.897 | H21: =IFERROR(VLOOKUP(B21,Пользователи!$A:$B,2,0),"нет в списке") -> A | I21: =IF(H21="нет в списке","нет пользователя",IF(H21<>C21,"группа не совпала","ок")) -> ок
A22: 5021 | B22: 1013 | C22: A | D22: 45388.485 | E22: 45388.489 | H22: =IFERROR(VLOOKUP(B22,Пользователи!$A:$B,2,0),"нет в списке") -> A | I22: =IF(H22="нет в списке","нет пользователя",IF(H22<>C22,"группа не совпала","ок")) -> ок
A23: 5022 | B23: 1014 | C23: A | D23: 45394.2 | E23: 45394.201 | H23: =IFERROR(VLOOKUP(B23,Пользователи!$A:$B,2,0),"нет в списке") -> A | I23: =IF(H23="нет в списке","нет пользователя",IF(H23<>C23,"группа не совпала","ок")) -> ок
A24: 5023 | B24: 1015 | C24: A | D24: 45409.375 | E24: 45409.378 | F24: 45409.381 | G24: 45409.385 | H24: =IFERROR(VLOOKUP(B24,Пользователи!$A:$B,2,0),"нет в списке") -> A | I24: =IF(H24="нет в списке","нет пользователя",IF(H24<>C24,"группа не совпала","ок")) -> ок
A25: 5024 | B25: 1015 | C25: A | D25: 45389.731 | E25: 45389.732 | F25: 45389.735 | G25: 45389.74 | H25: =IFERROR(VLOOKUP(B25,Пользователи!$A:$B,2,0),"нет в списке") -> A | I25: =IF(H25="нет в списке","нет пользователя",IF(H25<>C25,"группа не совпала","ок")) -> ок
A26: 5025 | B26: 1015 | C26: A | D26: 45384.34 | E26: 45384.342 | F26: 45384.344 | G26: 45384.348 | H26: =IFERROR(VLOOKUP(B26,Пользователи!$A:$B,2,0),"нет в списке") -> A | I26: =IF(H26="нет в списке","нет пользователя",IF(H26<>C26,"группа не совпала","ок")) -> ок
A27: 5026 | B27: 1016 | C27: A | D27: 45391.912 | H27: =IFERROR(VLOOKUP(B27,Пользователи!$A:$B,2,0),"нет в списке") -> A | I27: =IF(H27="нет в списке","нет пользователя",IF(H27<>C27,"группа не совпала","ок")) -> ок
A28: 5027 | B28: 1017 | C28: A | D28: 45395.698 | E28: 45395.7 | F28: 45395.703 | H28: =IFERROR(VLOOKUP(B28,Пользователи!$A:$B,2,0),"нет в списке") -> A | I28: =IF(H28="нет в списке","нет пользователя",IF(H28<>C28,"группа не совпала","ок")) -> ок
A29: 5028 | B29: 1018 | C29: A | D29: 45405.001 | E29: 45405.002 | F29: 45405.007 | G29: 45405.01 | H29: =IFERROR(VLOOKUP(B29,Пользователи!$A:$B,2,0),"нет в списке") -> A | I29: =IF(H29="нет в списке","нет пользователя",IF(H29<>C29,"группа не совпала","ок")) -> ок
A30: 5029 | B30: 1018 | C30: A | D30: 45399.369 | H30: =IFERROR(VLOOKUP(B30,Пользователи!$A:$B,2,0),"нет в списке") -> A | I30: =IF(H30="нет в списке","нет пользователя",IF(H30<>C30,"группа не совпала","ок")) -> ок
A31: 5030 | B31: 1019 | C31: A | D31: 45409.024 | E31: 45409.025 | H31: =IFERROR(VLOOKUP(B31,Пользователи!$A:$B,2,0),"нет в списке") -> A | I31: =IF(H31="нет в списке","нет пользователя",IF(H31<>C31,"группа не совпала","ок")) -> ок
A32: 5031 | B32: 1019 | C32: A | D32: 45399.902 | E32: 45399.903 | H32: =IFERROR(VLOOKUP(B32,Пользователи!$A:$B,2,0),"нет в списке") -> A | I32: =IF(H32="нет в списке","нет пользователя",IF(H32<>C32,"группа не совпала","ок")) -> ок
A33: 5032 | B33: 1019 | C33: A | D33: 45412.806 | E33: 45412.808 | H33: =IFERROR(VLOOKUP(B33,Пользователи!$A:$B,2,0),"нет в списке") -> A | I33: =IF(H33="нет в списке","нет пользователя",IF(H33<>C33,"группа не совпала","ок")) -> ок
A34: 5033 | B34: 1020 | C34: A | D34: 45392.948 | E34: 45392.949 | F34: 45392.953 | G34: 45392.956 | H34: =IFERROR(VLOOKUP(B34,Пользователи!$A:$B,2,0),"нет в списке") -> A | I34: =IF(H34="нет в списке","нет пользователя",IF(H34<>C34,"группа не совпала","ок")) -> ок
A35: 5034 | B35: 1020 | C35: A | D35: 45400.963 | H35: =IFERROR(VLOOKUP(B35,Пользователи!$A:$B,2,0),"нет в списке") -> A | I35: =IF(H35="нет в списке","нет пользователя",IF(H35<>C35,"группа не совпала","ок")) -> ок
A36: 5035 | B36: 1020 | C36: A | D36: 45406.033 | E36: 45406.034 | H36: =IFERROR(VLOOKUP(B36,Пользователи!$A:$B,2,0),"нет в списке") -> A | I36: =IF(H36="нет в списке","нет пользователя",IF(H36<>C36,"группа не совпала","ок")) -> ок
A37: 5036 | B37: 1021 | C37: A | D37: 45412.97 | E37: 45412.972 | F37: 45412.976 | G37: 45412.979 | H37: =IFERROR(VLOOKUP(B37,Пользователи!$A:$B,2,0),"нет в списке") -> A | I37: =IF(H37="нет в списке","нет пользователя",IF(H37<>C37,"группа не совпала","ок")) -> ок
A38: 5037 | B38: 1021 | C38: A | D38: 45390.322 | E38: 45390.325 | F38: 45390.326 | G38: 45390.331 | H38: =IFERROR(VLOOKUP(B38,Пользователи!$A:$B,2,0),"нет в списке") -> A | I38: =IF(H38="нет в списке","нет пользователя",IF(H38<>C38,"группа не совпала","ок")) -> ок
A39: 5038 | B39: 1021 | C39: A | D39: 45394.246 | E39: 45394.248 | H39: =IFERROR(VLOOKUP(B39,Пользователи!$A:$B,2,0),"нет в списке") -> A | I39: =IF(H39="нет в списке","нет пользователя",IF(H39<>C39,"группа не совпала","ок")) -> ок
A40: 5039 | B40: 1022 | C40: A | D40: 45391.551 | E40: 45391.553 | H40: =IFERROR(VLOOKUP(B40,Пользователи!$A:$B,2,0),"нет в списке") -> A | I40: =IF(H40="нет в списке","нет пользователя",IF(H40<>C40,"группа не совпала","ок")) -> ок
A41: 5040 | B41: 1023 | C41: A | D41: 45402.656 | E41: 45402.658 | F41: 45402.66 | G41: 45402.665 | H41: =IFERROR(VLOOKUP(B41,Пользователи!$A:$B,2,0),"нет в списке") -> A | I41: =IF(H41="нет в списке","нет пользователя",IF(H41<>C41,"группа не совпала","ок")) -> ок
A42: 5041 | B42: 1024 | C42: A | D42: 45401.815 | E42: 45401.816 | F42: 45401.819 | H42: =IFERROR(VLOOKUP(B42,Пользователи!$A:$B,2,0),"нет в списке") -> A | I42: =IF(H42="нет в списке","нет пользователя",IF(H42<>C42,"группа не совпала","ок")) -> ок
A43: 5042 | B43: 1024 | C43: A | D43: 45411.315 | E43: 45411.315 | F43: 45411.317 | G43: 45411.321 | H43: =IFERROR(VLOOKUP(B43,Пользователи!$A:$B,2,0),"нет в списке") -> A | I43: =IF(H43="нет в списке","нет пользователя",IF(H43<>C43,"группа не совпала","ок")) -> ок
A44: 5043 | B44: 1024 | C44: A | D44: 45392.395 | E44: 45392.397 | F44: 45392.401 | G44: 45392.406 | H44: =IFERROR(VLOOKUP(B44,Пользователи!$A:$B,2,0),"нет в списке") -> A | I44: =IF(H44="нет в списке","нет пользователя",IF(H44<>C44,"группа не совпала","ок")) -> ок
A45: 5044 | B45: 1025 | C45: A | D45: 45406.672 | E45: 45406.676 | F45: 45406.678 | G45: 45406.681 | H45: =IFERROR(VLOOKUP(B45,Пользователи!$A:$B,2,0),"нет в списке") -> A | I45: =IF(H45="нет в списке","нет пользователя",IF(H45<>C45,"группа не совпала","ок")) -> ок
A46: 5045 | B46: 1026 | C46: A | D46: 45389.587 | E46: 45389.588 | H46: =IFERROR(VLOOKUP(B46,Пользователи!$A:$B,2,0),"нет в списке") -> A | I46: =IF(H46="нет в списке","нет пользователя",IF(H46<>C46,"группа не совпала","ок")) -> ок
A47: 5046 | B47: 1026 | C47: A | D47: 45385.156 | E47: 45385.157 | H47: =IFERROR(VLOOKUP(B47,Пользователи!$A:$B,2,0),"нет в списке") -> A | I47: =IF(H47="нет в списке","нет пользователя",IF(H47<>C47,"группа не совпала","ок")) -> ок
A48: 5047 | B48: 1027 | C48: A | D48: 45388.524 | E48: 45388.525 | H48: =IFERROR(VLOOKUP(B48,Пользователи!$A:$B,2,0),"нет в списке") -> A | I48: =IF(H48="нет в списке","нет пользователя",IF(H48<>C48,"группа не совпала","ок")) -> ок
A49: 5048 | B49: 1027 | C49: A | D49: 45388.174 | E49: 45388.179 | F49: 45388.181 | G49: 45388.186 | H49: =IFERROR(VLOOKUP(B49,Пользователи!$A:$B,2,0),"нет в списке") -> A | I49: =IF(H49="нет в списке","нет пользователя",IF(H49<>C49,"группа не совпала","ок")) -> ок
A50: 5049 | B50: 1028 | C50: A | D50: 45387.25 | E50: 45387.253 | H50: =IFERROR(VLOOKUP(B50,Пользователи!$A:$B,2,0),"нет в списке") -> A | I50: =IF(H50="нет в списке","нет пользователя",IF(H50<>C50,"группа не совпала","ок")) -> ок
A51: 5050 | B51: 1029 | C51: A | D51: 45398.301 | E51: 45398.301 | F51: 45398.305 | G51: 45398.309 | H51: =IFERROR(VLOOKUP(B51,Пользователи!$A:$B,2,0),"нет в списке") -> A | I51: =IF(H51="нет в списке","нет пользователя",IF(H51<>C51,"группа не совпала","ок")) -> ок
A52: 5051 | B52: 1029 | C52: A | D52: 45409.252 | E52: 45409.253 | F52: 45409.258 | G52: 45409.262 | H52: =IFERROR(VLOOKUP(B52,Пользователи!$A:$B,2,0),"нет в списке") -> A | I52: =IF(H52="нет в списке","нет пользователя",IF(H52<>C52,"группа не совпала","ок")) -> ок
A53: 5052 | B53: 1030 | C53: A | D53: 45412.085 | E53: 45412.088 | F53: 45412.092 | G53: 45412.095 | H53: =IFERROR(VLOOKUP(B53,Пользователи!$A:$B,2,0),"нет в списке") -> A | I53: =IF(H53="нет в списке","нет пользователя",IF(H53<>C53,"группа не совпала","ок")) -> ок
A54: 5053 | B54: 1031 | C54: A | D54: 45401.499 | E54: 45401.5 | F54: 45401.502 | G54: 45401.506 | H54: =IFERROR(VLOOKUP(B54,Пользователи!$A:$B,2,0),"нет в списке") -> A | I54: =IF(H54="нет в списке","нет пользователя",IF(H54<>C54,"группа не совпала","ок")) -> ок
A55: 5054 | B55: 1032 | C55: A | D55: 45392.631 | E55: 45392.631 | F55: 45392.636 | G55: 45392.64 | H55: =IFERROR(VLOOKUP(B55,Пользователи!$A:$B,2,0),"нет в списке") -> A | I55: =IF(H55="нет в списке","нет пользователя",IF(H55<>C55,"группа не совпала","ок")) -> ок
A56: 5055 | B56: 1032 | C56: A | D56: 45403.67 | E56: 45403.671 | F56: 45403.674 | G56: 45403.677 | H56: =IFERROR(VLOOKUP(B56,Пользователи!$A:$B,2,0),"нет в списке") -> A | I56: =IF(H56="нет в списке","нет пользователя",IF(H56<>C56,"группа не совпала","ок")) -> ок
A57: 5056 | B57: 1033 | C57: A | D57: 45401.807 | E57: 45401.808 | H57: =IFERROR(VLOOKUP(B57,Пользователи!$A:$B,2,0),"нет в списке") -> A | I57: =IF(H57="нет в списке","нет пользователя",IF(H57<>C57,"группа не совпала","ок")) -> ок
A58: 5057 | B58: 1034 | C58: A | D58: 45390.929 | E58: 45390.933 | H58: =IFERROR(VLOOKUP(B58,Пользователи!$A:$B,2,0),"нет в списке") -> A | I58: =IF(H58="нет в списке","нет пользователя",IF(H58<>C58,"группа не совпала","ок")) -> ок
A59: 5058 | B59: 1034 | C59: A | D59: 45408.81 | E59: 45408.81 | F59: 45408.815 | G59: 45408.819 | H59: =IFERROR(VLOOKUP(B59,Пользователи!$A:$B,2,0),"нет в списке") -> A | I59: =IF(H59="нет в списке","нет пользователя",IF(H59<>C59,"группа не совпала","ок")) -> ок
A60: 5059 | B60: 1034 | C60: A | D60: 45392.691 | E60: 45392.692 | F60: 45392.694 | H60: =IFERROR(VLOOKUP(B60,Пользователи!$A:$B,2,0),"нет в списке") -> A | I60: =IF(H60="нет в списке","нет пользователя",IF(H60<>C60,"группа не совпала","ок")) -> ок
A61: 5060 | B61: 1035 | C61: A | D61: 45389.453 | E61: 45389.454 | F61: 45389.458 | H61: =IFERROR(VLOOKUP(B61,Пользователи!$A:$B,2,0),"нет в списке") -> A | I61: =IF(H61="нет в списке","нет пользователя",IF(H61<>C61,"группа не совпала","ок")) -> ок
A62: 5061 | B62: 1035 | C62: A | D62: 45411.437 | H62: =IFERROR(VLOOKUP(B62,Пользователи!$A:$B,2,0),"нет в списке") -> A | I62: =IF(H62="нет в списке","нет пользователя",IF(H62<>C62,"группа не совпала","ок")) -> ок
A63: 5062 | B63: 1035 | C63: A | D63: 45384.68 | E63: 45384.681 | F63: 45384.685 | G63: 45384.69 | H63: =IFERROR(VLOOKUP(B63,Пользователи!$A:$B,2,0),"нет в списке") -> A | I63: =IF(H63="нет в списке","нет пользователя",IF(H63<>C63,"группа не совпала","ок")) -> ок
A64: 5063 | B64: 1036 | C64: A | D64: 45391.015 | H64: =IFERROR(VLOOKUP(B64,Пользователи!$A:$B,2,0),"нет в списке") -> A | I64: =IF(H64="нет в списке","нет пользователя",IF(H64<>C64,"группа не совпала","ок")) -> ок
A65: 5064 | B65: 1036 | C65: A | D65: 45401.808 | E65: 45401.812 | F65: 45401.813 | G65: 45401.818 | H65: =IFERROR(VLOOKUP(B65,Пользователи!$A:$B,2,0),"нет в списке") -> A | I65: =IF(H65="нет в списке","нет пользователя",IF(H65<>C65,"группа не совпала","ок")) -> ок
A66: 5065 | B66: 1036 | C66: A | D66: 45390.478 | E66: 45390.479 | H66: =IFERROR(VLOOKUP(B66,Пользователи!$A:$B,2,0),"нет в списке") -> A | I66: =IF(H66="нет в списке","нет пользователя",IF(H66<>C66,"группа не совпала","ок")) -> ок
A67: 5066 | B67: 1036 | C67: A | D67: 45407.29 | E67: 45407.292 | F67: 45407.294 | H67: =IFERROR(VLOOKUP(B67,Пользователи!$A:$B,2,0),"нет в списке") -> A | I67: =IF(H67="нет в списке","нет пользователя",IF(H67<>C67,"группа не совпала","ок")) -> ок
A68: 5067 | B68: 1037 | C68: A | D68: 45399.409 | H68: =IFERROR(VLOOKUP(B68,Пользователи!$A:$B,2,0),"нет в списке") -> A | I68: =IF(H68="нет в списке","нет пользователя",IF(H68<>C68,"группа не совпала","ок")) -> ок
A69: 5068 | B69: 1037 | C69: A | D69: 45404.176 | E69: 45404.176 | F69: 45404.18 | G69: 45404.183 | H69: =IFERROR(VLOOKUP(B69,Пользователи!$A:$B,2,0),"нет в списке") -> A | I69: =IF(H69="нет в списке","нет пользователя",IF(H69<>C69,"группа не совпала","ок")) -> ок
A70: 5069 | B70: 1038 | C70: A | D70: 45410.098 | E70: 45410.102 | F70: 45410.107 | G70: 45410.111 | H70: =IFERROR(VLOOKUP(B70,Пользователи!$A:$B,2,0),"нет в списке") -> A | I70: =IF(H70="нет в списке","нет пользователя",IF(H70<>C70,"группа не совпала","ок")) -> ок
A71: 5070 | B71: 1038 | C71: A | D71: 45389.262 | E71: 45389.263 | F71: 45389.266 | G71: 45389.269 | H71: =IFERROR(VLOOKUP(B71,Пользователи!$A:$B,2,0),"нет в списке") -> A | I71: =IF(H71="нет в списке","нет пользователя",IF(H71<>C71,"группа не совпала","ок")) -> ок
A72: 5071 | B72: 1038 | C72: A | D72: 45402.731 | E72: 45402.731 | H72: =IFERROR(VLOOKUP(B72,Пользователи!$A:$B,2,0),"нет в списке") -> A | I72: =IF(H72="нет в списке","нет пользователя",IF(H72<>C72,"группа не совпала","ок")) -> ок
A73: 5072 | B73: 1039 | C73: A | D73: 45390.211 | E73: 45390.212 | F73: 45390.216 | G73: 45390.219 | H73: =IFERROR(VLOOKUP(B73,Пользователи!$A:$B,2,0),"нет в списке") -> A | I73: =IF(H73="нет в списке","нет пользователя",IF(H73<>C73,"группа не совпала","ок")) -> ок
A74: 5073 | B74: 1040 | C74: A | D74: 45388.943 | E74: 45388.944 | F74: 45388.946 | G74: 45388.95 | H74: =IFERROR(VLOOKUP(B74,Пользователи!$A:$B,2,0),"нет в списке") -> A | I74: =IF(H74="нет в списке","нет пользователя",IF(H74<>C74,"группа не совпала","ок")) -> ок
A75: 5074 | B75: 1041 | C75: A | D75: 45408.712 | H75: =IFERROR(VLOOKUP(B75,Пользователи!$A:$B,2,0),"нет в списке") -> A | I75: =IF(H75="нет в списке","нет пользователя",IF(H75<>C75,"группа не совпала","ок")) -> ок
A76: 5075 | B76: 1041 | C76: A | D76: 45405.588 | E76: 45405.588 | H76: =IFERROR(VLOOKUP(B76,Пользователи!$A:$B,2,0),"нет в списке") -> A | I76: =IF(H76="нет в списке","нет пользователя",IF(H76<>C76,"группа не совпала","ок")) -> ок
A77: 5076 | B77: 1042 | C77: A | D77: 45411.803 | E77: 45411.803 | H77: =IFERROR(VLOOKUP(B77,Пользователи!$A:$B,2,0),"нет в списке") -> A | I77: =IF(H77="нет в списке","нет пользователя",IF(H77<>C77,"группа не совпала","ок")) -> ок
A78: 5077 | B78: 1043 | C78: A | D78: 45383.104 | E78: 45383.105 | F78: 45383.109 | G78: 45383.114 | H78: =IFERROR(VLOOKUP(B78,Пользователи!$A:$B,2,0),"нет в списке") -> A | I78: =IF(H78="нет в списке","нет пользователя",IF(H78<>C78,"группа не совпала","ок")) -> ок
A79: 5078 | B79: 1044 | C79: A | D79: 45409.951 | E79: 45409.952 | F79: 45409.953 | G79: 45409.956 | H79: =IFERROR(VLOOKUP(B79,Пользователи!$A:$B,2,0),"нет в списке") -> A | I79: =IF(H79="нет в списке","нет пользователя",IF(H79<>C79,"группа не совпала","ок")) -> ок
A80: 5079 | B80: 1045 | C80: A | D80: 45395.098 | E80: 45395.101 | H80: =IFERROR(VLOOKUP(B80,Пользователи!$A:$B,2,0),"нет в списке") -> A | I80: =IF(H80="нет в списке","нет пользователя",IF(H80<>C80,"группа не совпала","ок")) -> ок
A81: 5080 | B81: 1045 | C81: A | D81: 45400.927 | E81: 45400.928 | F81: 45400.933 | G81: 45400.936 | H81: =IFERROR(VLOOKUP(B81,Пользователи!$A:$B,2,0),"нет в списке") -> A | I81: =IF(H81="нет в списке","нет пользователя",IF(H81<>C81,"группа не совпала","ок")) -> ок
A82: 5081 | B82: 1045 | C82: A | D82: 45397.441 | E82: 45397.444 | F82: 45397.451 | G82: 45397.455 | H82: =IFERROR(VLOOKUP(B82,Пользователи!$A:$B,2,0),"нет в списке") -> A | I82: =IF(H82="нет в списке","нет пользователя",IF(H82<>C82,"группа не совпала","ок")) -> ок
A83: 5082 | B83: 1045 | C83: A | D83: 45398.863 | H83: =IFERROR(VLOOKUP(B83,Пользователи!$A:$B,2,0),"нет в списке") -> A | I83: =IF(H83="нет в списке","нет пользователя",IF(H83<>C83,"группа не совпала","ок")) -> ок
A84: 5083 | B84: 1046 | C84: A | D84: 45411.869 | E84: 45411.869 | F84: 45411.872 | H84: =IFERROR(VLOOKUP(B84,Пользователи!$A:$B,2,0),"нет в списке") -> A | I84: =IF(H84="нет в списке","нет пользователя",IF(H84<>C84,"группа не совпала","ок")) -> ок
A85: 5084 | B85: 1046 | C85: A | D85: 45392.785 | H85: =IFERROR(VLOOKUP(B85,Пользователи!$A:$B,2,0),"нет в списке") -> A | I85: =IF(H85="нет в списке","нет пользователя",IF(H85<>C85,"группа не совпала","ок")) -> ок
A86: 5085 | B86: 1046 | C86: A | D86: 45396.957 | E86: 45396.958 | H86: =IFERROR(VLOOKUP(B86,Пользователи!$A:$B,2,0),"нет в списке") -> A | I86: =IF(H86="нет в списке","нет пользователя",IF(H86<>C86,"группа не совпала","ок")) -> ок
A87: 5086 | B87: 1047 | C87: A | D87: 45384.498 | H87: =IFERROR(VLOOKUP(B87,Пользователи!$A:$B,2,0),"нет в списке") -> A | I87: =IF(H87="нет в списке","нет пользователя",IF(H87<>C87,"группа не совпала","ок")) -> ок
A88: 5087 | B88: 1047 | C88: A | D88: 45386.413 | E88: 45386.415 | F88: 45386.417 | G88: 45386.421 | H88: =IFERROR(VLOOKUP(B88,Пользователи!$A:$B,2,0),"нет в списке") -> A | I88: =IF(H88="нет в списке","нет пользователя",IF(H88<>C88,"группа не совпала","ок")) -> ок
A89: 5088 | B89: 1047 | C89: A | D89: 45400.279 | H89: =IFERROR(VLOOKUP(B89,Пользователи!$A:$B,2,0),"нет в списке") -> A | I89: =IF(H89="нет в списке","нет пользователя",IF(H89<>C89,"группа не совпала","ок")) -> ок
A90: 5089 | B90: 1048 | C90: A | D90: 45387.413 | E90: 45387.416 | H90: =IFERROR(VLOOKUP(B90,Пользователи!$A:$B,2,0),"нет в списке") -> A | I90: =IF(H90="нет в списке","нет пользователя",IF(H90<>C90,"группа не совпала","ок")) -> ок
A91: 5090 | B91: 1048 | C91: A | D91: 45404.547 | H91: =IFERROR(VLOOKUP(B91,Пользователи!$A:$B,2,0),"нет в списке") -> A | I91: =IF(H91="нет в списке","нет пользователя",IF(H91<>C91,"группа не совпала","ок")) -> ок
A92: 5091 | B92: 1048 | C92: A | D92: 45410.623 | E92: 45410.626 | F92: 45410.628 | G92: 45410.633 | H92: =IFERROR(VLOOKUP(B92,Пользователи!$A:$B,2,0),"нет в списке") -> A | I92: =IF(H92="нет в списке","нет пользователя",IF(H92<>C92,"группа не совпала","ок")) -> ок
A93: 5092 | B93: 1049 | C93: A | D93: 45383.772 | E93: 45383.772 | F93: 45383.775 | G93: 45383.781 | H93: =IFERROR(VLOOKUP(B93,Пользователи!$A:$B,2,0),"нет в списке") -> A | I93: =IF(H93="нет в списке","нет пользователя",IF(H93<>C93,"группа не совпала","ок")) -> ок
A94: 5093 | B94: 1050 | C94: A | D94: 45398.933 | E94: 45398.935 | F94: 45398.938 | G94: 45398.942 | H94: =IFERROR(VLOOKUP(B94,Пользователи!$A:$B,2,0),"нет в списке") -> A | I94: =IF(H94="нет в списке","нет пользователя",IF(H94<>C94,"группа не совпала","ок")) -> ок
A95: 5094 | B95: 1051 | C95: A | D95: 45399.795 | E95: 45399.796 | F95: 45399.799 | G95: 45399.803 | H95: =IFERROR(VLOOKUP(B95,Пользователи!$A:$B,2,0),"нет в списке") -> A | I95: =IF(H95="нет в списке","нет пользователя",IF(H95<>C95,"группа не совпала","ок")) -> ок
A96: 5095 | B96: 1051 | C96: A | D96: 45392.794 | H96: =IFERROR(VLOOKUP(B96,Пользователи!$A:$B,2,0),"нет в списке") -> A | I96: =IF(H96="нет в списке","нет пользователя",IF(H96<>C96,"группа не совпала","ок")) -> ок
A97: 5096 | B97: 1052 | C97: A | D97: 45393.557 | E97: 45393.558 | F97: 45393.561 | G97: 45393.564 | H97: =IFERROR(VLOOKUP(B97,Пользователи!$A:$B,2,0),"нет в списке") -> A | I97: =IF(H97="нет в списке","нет пользователя",IF(H97<>C97,"группа не совпала","ок")) -> ок
A98: 5097 | B98: 1052 | C98: A | D98: 45391.069 | E98: 45391.07 | H98: =IFERROR(VLOOKUP(B98,Пользователи!$A:$B,2,0),"нет в списке") -> A | I98: =IF(H98="нет в списке","нет пользователя",IF(H98<>C98,"группа не совпала","ок")) -> ок
A99: 5098 | B99: 1053 | C99: A | D99: 45398.089 | E99: 45398.09 | F99: 45398.092 | G99: 45398.096 | H99: =IFERROR(VLOOKUP(B99,Пользователи!$A:$B,2,0),"нет в списке") -> A | I99: =IF(H99="нет в списке","нет пользователя",IF(H99<>C99,"группа не совпала","ок")) -> ок
A100: 5099 | B100: 1054 | C100: A | D100: 45406.196 | E100: 45406.2 | F100: 45406.203 | G100: 45406.207 | H100: =IFERROR(VLOOKUP(B100,Пользователи!$A:$B,2,0),"нет в списке") -> A | I100: =IF(H100="нет в списке","нет пользователя",IF(H100<>C100,"группа не совпала","ок")) -> ок
...

Sheet Пользователи
A1: user_id | B1: group | C1: age | D1: city | E1: device_type
A2: 1001 | B2: A | C2: 31 | D2: Москва | E2: ios
A3: 1002 | B3: A | C3: 31 | D3: Москва | E3: ios
A4: 1003 | B4: A | C4: 25 | D4: Москва | E4: android
A5: 1004 | B5: A | C5: 20 | D5: Москва | E5: ios
A6: 1005 | B6: A | C6: 34 | D6: Москва | E6: ios
A7: 1006 | B7: A | C7: 42 | D7: Регион | E7: android
A8: 1007 | B8: A | C8: 34 | D8: Регион | E8: ios
A9: 1008 | B9: A | C9: 43 | D9: Регион | E9: ios
A10: 1009 | B10: A | C10: 30 | D10: Москва | E10: android
A11: 1010 | B11: A | C11: 26 | D11: Москва | E11: android
A12: 1011 | B12: A | C12: 45 | D12: СПб | E12: ios
A13: 1012 | B13: A | C13: 41 | D13: Регион | E13: ios
... A1501: 2500 | B1501: B | C1501: 39 | D1501: Москва | E1501: ios

Sheet Платежи
A1: payment_id | B1: user_id | C1: group | D1: step1_opened | E1: step2_entered | F1: step3_confirmed | G1: step4_success
A2: 5001 | B2: 1001 | C2: A | D2: 45398.254 | E2: 45398.257
A3: 5002 | B3: 1002 | C3: A | D3: 45394.318 | E3: 45394.32
A4: 5003 | B4: 1003 | C4: A | D4: 45408.835 | E4: 45408.838
A5: 5004 | B5: 1004 | C5: A | D5: 45391.668
A6: 5005 | B6: 1004 | C6: A | D6: 45386.157 | E6: 45386.162 | F6: 45386.165 | G6: 45386.168
A7: 5006 | B7: 1004 | C7: A | D7: 45406.726 | E7: 45406.727 | F7: 45406.729 | G7: 45406.733
A8: 5007 | B8: 1005 | C8: A | D8: 45393.882 | E8: 45393.883
A9: 5008 | B9: 1006 | C9: A | D9: 45394.575 | E9: 45394.578 | F9: 45394.58 | G9: 45394.583
A10: 5009 | B10: 1007 | C10: A | D10: 45391.478 | E10: 45391.479 | F10: 45391.483 | G10: 45391.488
A11: 5010 | B11: 1007 | C11: A | D11: 45390.287
A12: 5011 | B12: 1007 | C12: A | D12: 45405.374 | E12: 45405.374 | F12: 45405.376
A13: 5012 | B13: 1008 | C13: A | D13: 45391.378
A14: 5013 | B14: 1009 | C14: A | D14: 45406.451 | E14: 45406.454
A15: 5014 | B15: 1009 | C15: A | D15: 45402.847 | E15: 45402.847
A16: 5015 | B16: 1010 | C16: A | D16: 45409.56
A17: 5016 | B17: 1011 | C17: A | D17: 45403.85 | E17: 45403.851 | F17: 45403.853 | G17: 45403.856
A18: 5017 | B18: 1011 | C18: A | D18: 45384.907 | E18: 45384.908 | F18: 45384.91 | G18: 45384.914
A19: 5018 | B19: 1011 | C19: A | D19: 45398.783 | E19: 45398.783 | F19: 45398.785 | G19: 45398.79
A20: 5019 | B20: 1012 | C20: A | D20: 45389.642 | E20: 45389.643 | F20: 45389.644 | G20: 45389.648
A21: 5020 | B21: 1013 | C21: A | D21: 45386.893 | E21: 45386.897
A22: 5021 | B22: 1013 | C22: A | D22: 45388.485 | E22: 45388.489
A23: 5022 | B23: 1014 | C23: A | D23: 45394.2 | E23: 45394.201
A24: 5023 | B24: 1015 | C24: A | D24: 45409.375 | E24: 45409.378 | F24: 45409.381 | G24: 45409.385
A25: 5024 | B25: 1015 | C25: A | D25: 45389.731 | E25: 45389.732 | F25: 45389.735 | G25: 45389.74
A26: 5025 | B26: 1015 | C26: A | D26: 45384.34 | E26: 45384.342 | F26: 45384.344 | G26: 45384.348
A27: 5026 | B27: 1016 | C27: A | D27: 45391.912
A28: 5027 | B28: 1017 | C28: A | D28: 45395.698 | E28: 45395.7 | F28: 45395.703
A29: 5028 | B29: 1018 | C29: A | D29: 45405.001 | E29: 45405.002 | F29: 45405.007 | G29: 45405.01
A30: 5029 | B30: 1018 | C30: A | D30: 45399.369
A31: 5030 | B31: 1019 | C31: A | D31: 45409.024 | E31: 45409.025
A32: 5031 | B32: 1019 | C32: A | D32: 45399.902 | E32: 45399.903
A33: 5032 | B33: 1019 | C33: A | D33: 45412.806 | E33: 45412.808
A34: 5033 | B34: 1020 | C34: A | D34: 45392.948 | E34: 45392.949 | F34: 45392.953 | G34: 45392.956
A35: 5034 | B35: 1020 | C35: A | D35: 45400.963
A36: 5035 | B36: 1020 | C36: A | D36: 45406.033 | E36: 45406.034
A37: 5036 | B37: 1021 | C37: A | D37: 45412.97 | E37: 45412.972 | F37: 45412.976 | G37: 45412.979
A38: 5037 | B38: 1021 | C38: A | D38: 45390.322 | E38: 45390.325 | F38: 45390.326 | G38: 45390.331
A39: 5038 | B39: 1021 | C39: A | D39: 45394.246 | E39: 45394.248
A40: 5039 | B40: 1022 | C40: A | D40: 45391.551 | E40: 45391.553
A41: 5040 | B41: 1023 | C41: A | D41: 45402.656 | E41: 45402.658 | F41: 45402.66 | G41: 45402.665
A42: 5041 | B42: 1024 | C42: A | D42: 45401.815 | E42: 45401.816 | F42: 45401.819
A43: 5042 | B43: 1024 | C43: A | D43: 45411.315 | E43: 45411.315 | F43: 45411.317 | G43: 45411.321
A44: 5043 | B44: 1024 | C44: A | D44: 45392.395 | E44: 45392.397 | F44: 45392.401 | G44: 45392.406
A45: 5044 | B45: 1025 | C45: A | D45: 45406.672 | E45: 45406.676 | F45: 45406.678 | G45: 45406.681
A46: 5045 | B46: 1026 | C46: A | D46: 45389.587 | E46: 45389.588
A47: 5046 | B47: 1026 | C47: A | D47: 45385.156 | E47: 45385.157
A48: 5047 | B48: 1027 | C48: A | D48: 45388.524 | E48: 45388.525
A49: 5048 | B49: 1027 | C49: A | D49: 45388.174 | E49: 45388.179 | F49: 45388.181 | G49: 45388.186
A50: 5049 | B50: 1028 | C50: A | D50: 45387.25 | E50: 45387.253
A51: 5050 | B51: 1029 | C51: A | D51: 45398.301 | E51: 45398.301 | F51: 45398.305 | G51: 45398.309
A52: 5051 | B52: 1029 | C52: A | D52: 45409.252 | E52: 45409.253 | F52: 45409.258 | G52: 45409.262
A53: 5052 | B53: 1030 | C53: A | D53: 45412.085 | E53: 45412.088 | F53: 45412.092 | G53: 45412.095
A54: 5053 | B54: 1031 | C54: A | D54: 45401.499 | E54: 45401.5 | F54: 45401.502 | G54: 45401.506
A55: 5054 | B55: 1032 | C55: A | D55: 45392.631 | E55: 45392.631 | F55: 45392.636 | G55: 45392.64
A56: 5055 | B56: 1032 | C56: A | D56: 45403.67 | E56: 45403.671 | F56: 45403.674 | G56: 45403.677
A57: 5056 | B57: 1033 | C57: A | D57: 45401.807 | E57: 45401.808
A58: 5057 | B58: 1034 | C58: A | D58: 45390.929 | E58: 45390.933
A59: 5058 | B59: 1034 | C59: A | D59: 45408.81 | E59: 45408.81 | F59: 45408.815 | G59: 45408.819
A60: 5059 | B60: 1034 | C60: A | D60: 45392.691 | E60: 45392.692 | F60: 45392.694
A61: 5060 | B61: 1035 | C61: A | D61: 45389.453 | E61: 45389.454 | F61: 45389.458
A62: 5061 | B62: 1035 | C62: A | D62: 45411.437
A63: 5062 | B63: 1035 | C63: A | D63: 45384.68 | E63: 45384.681 | F63: 45384.685 | G63: 45384.69
A64: 5063 | B64: 1036 | C64: A | D64: 45391.015
A65: 5064 | B65: 1036 | C65: A | D65: 45401.808 | E65: 45401.812 | F65: 45401.813 | G65: 45401.818
A66: 5065 | B66: 1036 | C66: A | D66: 45390.478 | E66: 45390.479
A67: 5066 | B67: 1036 | C67: A | D67: 45407.29 | E67: 45407.292 | F67: 45407.294
A68: 5067 | B68: 1037 | C68: A | D68: 45399.409
A69: 5068 | B69: 1037 | C69: A | D69: 45404.176 | E69: 45404.176 | F69: 45404.18 | G69: 45404.183
A70: 5069 | B70: 1038 | C70: A | D70: 45410.098 | E70: 45410.102 | F70: 45410.107 | G70: 45410.111
A71: 5070 | B71: 1038 | C71: A | D71: 45389.262 | E71: 45389.263 | F71: 45389.266 | G71: 45389.269
A72: 5071 | B72: 1038 | C72: A | D72: 45402.731 | E72: 45402.731
A73: 5072 | B73: 1039 | C73: A | D73: 45390.211 | E73: 45390.212 | F73: 45390.216 | G73: 45390.219
A74: 5073 | B74: 1040 | C74: A | D74: 45388.943 | E74: 45388.944 | F74: 45388.946 | G74: 45388.95
A75: 5074 | B75: 1041 | C75: A | D75: 45408.712
A76: 5075 | B76: 1041 | C76: A | D76: 45405.588 | E76: 45405.588
A77: 5076 | B77: 1042 | C77: A | D77: 45411.803 | E77: 45411.803
A78: 5077 | B78: 1043 | C78: A | D78: 45383.104 | E78: 45383.105 | F78: 45383.109 | G78: 45383.114
A79: 5078 | B79: 1044 | C79: A | D79: 45409.951 | E79: 45409.952 | F79: 45409.953 | G79: 45409.956
A80: 5079 | B80: 1045 | C80: A | D80: 45395.098 | E80: 45395.101
A81: 5080 | B81: 1045 | C81: A | D81: 45400.927 | E81: 45400.928 | F81: 45400.933 | G81: 45400.936
A82: 5081 | B82: 1045 | C82: A | D82: 45397.441 | E82: 45397.444 | F82: 45397.451 | G82: 45397.455
A83: 5082 | B83: 1045 | C83: A | D83: 45398.863
A84: 5083 | B84: 1046 | C84: A | D84: 45411.869 | E84: 45411.869 | F84: 45411.872
A85: 5084 | B85: 1046 | C85: A | D85: 45392.785
A86: 5085 | B86: 1046 | C86: A | D86: 45396.957 | E86: 45396.958
A87: 5086 | B87: 1047 | C87: A | D87: 45384.498
A88: 5087 | B88: 1047 | C88: A | D88: 45386.413 | E88: 45386.415 | F88: 45386.417 | G88: 45386.421
A89: 5088 | B89: 1047 | C89: A | D89: 45400.279
A90: 5089 | B90: 1048 | C90: A | D90: 45387.413 | E90: 45387.416
A91: 5090 | B91: 1048 | C91: A | D91: 45404.547
A92: 5091 | B92: 1048 | C92: A | D92: 45410.623 | E92: 45410.626 | F92: 45410.628 | G92: 45410.633
A93: 5092 | B93: 1049 | C93: A | D93: 45383.772 | E93: 45383.772 | F93: 45383.775 | G93: 45383.781
A94: 5093 | B94: 1050 | C94: A | D94: 45398.933 | E94: 45398.935 | F94: 45398.938 | G94: 45398.942
A95: 5094 | B95: 1051 | C95: A | D95: 45399.795 | E95: 45399.796 | F95: 45399.799 | G95: 45399.803
A96: 5095 | B96: 1051 | C96: A | D96: 45392.794
A97: 5096 | B97: 1052 | C97: A | D97: 45393.557 | E97: 45393.558 | F97: 45393.561 | G97: 45393.564
A98: 5097 | B98: 1052 | C98: A | D98: 45391.069 | E98: 45391.07
A99: 5098 | B99: 1053 | C99: A | D99: 45398.089 | E99: 45398.09 | F99: 45398.092 | G99: 45398.096
A100: 5099 | B100: 1054 | C100: A | D100: 45406.196 | E100: 45406.2 | F100: 45406.203 | G100: 45406.207
...
